,Company,Ticker,IPO,First Value,Last Value,Last Date,How Much
0,1-800-FLOWERS.COM CL A,FLWS,1999-08-01 00:00:00-04:00,18.8125,9.170000076293945,2023-05-01 00:00:00-04:00,-51.25581354793917
1,1LIFE HEALTHCARE,ONEM,*******,*******,*******,*******,*******
2,1ST SOURCE,SRCE,1984-11-01 00:00:00-05:00,0.0,41.560001373291016,2023-05-01 00:00:00-04:00,inf
3,1STDIBS.COM,DIBS,2021-06-01 00:00:00-04:00,31.459999084472656,3.819999933242798,2023-05-05 00:00:00-04:00,-87.85759680734323
4,22ND CENTURY GROUP INC.,XXII,2011-01-01 00:00:00-05:00,1.2799999713897705,0.7580000162124634,2023-04-01 00:00:00-04:00,-40.78124740975903
5,23ANDME HOLDING CO,ME,2020-11-01 00:00:00-04:00,10.670000076293945,1.9500000476837158,2023-05-01 00:00:00-04:00,-81.72446078968522
6,2SEVENTY BIO,TSVT,2021-11-01 00:00:00-04:00,26.170000076293945,9.550000190734863,2023-05-01 00:00:00-04:00,-63.50783277457567
7,2U,TWOU,2014-03-01 00:00:00-05:00,13.649999618530273,3.6700000762939453,2023-05-05 00:00:00-04:00,-73.11355180324098
8,3-D SYSTEMS,DDD,1988-03-01 00:00:00-05:00,0.0,8.9399995803833,2023-05-05 00:00:00-04:00,inf
9,4D MOLECULAR THERAPEUTICS,FDMT,2020-12-01 00:00:00-05:00,41.65999984741211,16.100000381469727,2023-05-05 00:00:00-04:00,-61.35381555343466
10,5E ADVANCED MATERIALS INC,FEAM,2022-03-01 00:00:00-05:00,19.0,4.75,2023-05-05 00:00:00-04:00,-75.0
11,8X8,EGHT,1997-07-01 00:00:00-04:00,9.375,4.159999847412109,2023-04-01 00:00:00-04:00,-55.62666829427083
12,908 DEVICES,MASS,2020-12-01 00:00:00-05:00,55.209999084472656,7.210000038146973,2023-05-05 00:00:00-04:00,-86.94077131369718
13,A K A BRANDS HOLDING,AKA,2021-09-01 00:00:00-04:00,8.529999732971191,0.33000001311302185,2023-05-05 00:00:00-04:00,-96.13130101472963
14,A10 NETWORKS,ATEN,2014-03-01 00:00:00-05:00,14.788348248657483,14.09000015258789,2023-05-05 00:00:00-04:00,-4.722285980335836
15,AADI BIOSCIENCE INC,AADI,2018-02-01 00:00:00-05:00,73.5,7.760000228881836,2023-05-01 00:00:00-04:00,-89.44217655934445
16,AAON INC,AAON,1992-12-01 00:00:00-05:00,0.11634772484128086,99.4000015258789,2023-05-05 00:00:00-04:00,85333.55846577861
17,AAR CORP,AIR,1984-12-01 00:00:00-05:00,3.2444606946392933,52.380001068115234,2023-05-05 00:00:00-04:00,1514.4440015766208
18,ABCELLERA BIOLOGICS,ABCL,2020-12-01 00:00:00-05:00,40.0,6.409999847412109,2023-05-05 00:00:00-04:00,-83.97500038146973
19,ABERCROMBIE & FITCH A,ANF,1996-09-01 00:00:00-04:00,8.225458203529826,22.239999771118164,2023-05-05 00:00:00-04:00,170.38007149041522
20,ABM INDUSTRIES INC,ABM,1984-12-01 00:00:00-05:00,0.9442598551511765,42.56999969482422,2023-05-05 00:00:00-04:00,4408.292866904602
21,ABSCI,ABSI,2021-07-01 00:00:00-04:00,28.760000228881836,1.7899999618530273,2023-04-01 00:00:00-04:00,-93.77607806812378
22,ACADEMY SPORTS AND OUTDOORS,ASO,2020-10-01 00:00:00-04:00,14.860750642807698,65.56999969482422,2023-04-01 00:00:00-04:00,341.2293919120348
23,ACADIA PHARMACEUTICALS,ACAD,2004-05-01 00:00:00-04:00,6.590000152587891,21.18000030517578,2023-05-01 00:00:00-04:00,221.3960518173646
24,ACADIA REALTY,AKR,1993-05-01 00:00:00-04:00,3.9132475852966313,13.449999809265137,2023-05-01 00:00:00-04:00,243.70428949605042
25,ACCEL ENTERTAINMENT (A),ACEL,2017-08-01 00:00:00-04:00,9.75,8.84000015258789,2023-05-01 00:00:00-04:00,-9.333331768329327
26,ACCO BRANDS,ACCO,2005-08-01 00:00:00-04:00,21.613967499969867,4.590000152587891,2023-05-01 00:00:00-04:00,-78.76373158887053
27,ACCOLADE,ACCD,2020-07-01 00:00:00-04:00,0.550000011920929,14.25,2023-04-01 00:00:00-04:00,2490.90903475265
28,ACCRETIVE HEALTH,RCM,2017-03-01 00:00:00-05:00,3.0999999046325684,15.710000038146973,2023-05-05 00:00:00-04:00,406.77421036917815
29,ACI WORLDWIDE,ACIW,1995-02-01 00:00:00-05:00,2.9791669845581055,25.239999771118164,2023-05-01 00:00:00-04:00,747.2166851319336
30,ACLARIS THERAPEUTICS,ACRS,2015-10-01 00:00:00-04:00,14.220000267028809,8.100000381469727,2023-04-01 00:00:00-04:00,-43.037973070571695
31,ACM RESEARCH,ACMR,2017-11-01 00:00:00-04:00,2.1333329677581787,9.420000076293945,2023-05-01 00:00:00-04:00,341.56257924392315
32,ACNB CORP.,ACNB,1994-04-01 00:00:00-05:00,7.723798292189797,32.54999923706055,2023-04-01 00:00:00-04:00,321.42477063357126
33,ACUSHNET HOLDINGS,GOLF,2016-10-01 00:00:00-04:00,15.38991779996782,50.95000076293945,2023-04-01 00:00:00-04:00,231.06090250232518
34,ACV AUCTIONS,ACVA,2021-03-01 00:00:00-05:00,34.34000015258789,13.539999961853027,2023-05-05 00:00:00-04:00,-60.57076324493656
35,ADAGIO THERAPEUTICS,ADGI,*******,*******,*******,*******,*******
36,ADAPTHEALTH,AHCO,2018-05-01 00:00:00-04:00,9.699999809265137,11.859999656677246,2023-05-01 00:00:00-04:00,22.268040101907477
37,ADAPTIVE BIOTECHNOLOGIES,ADPT,2019-06-01 00:00:00-04:00,51.0,6.519999980926514,2023-05-05 00:00:00-04:00,-87.2156863119088
38,ADDUS HOMECARE,ADUS,2009-10-01 00:00:00-04:00,8.779999732971191,107.41000366210938,2023-04-01 00:00:00-04:00,1123.3485982779334
39,ADICET BIO INC,ACET,2018-01-01 00:00:00-05:00,113.54000091552734,5.699999809265137,2023-04-01 00:00:00-04:00,-94.97974303038285
40,ADIENT PLC,ADNT,2016-10-01 00:00:00-04:00,44.69248789506738,40.52000045776367,2023-04-01 00:00:00-04:00,-9.335992767062352
41,ADMA BIOLOGICS INC,ADMA,2013-10-01 00:00:00-04:00,8.300000190734863,3.299999952316284,2023-04-01 00:00:00-04:00,-60.240965343591036
42,ADTALEM GLOBAL EDUCATION,ATGE,1991-06-01 00:00:00-04:00,1.0376191933949788,42.5099983215332,2023-05-05 00:00:00-04:00,3996.878565097186
43,ADTHEORENT HOLDING COMPANY INC,ADTH,2021-04-01 00:00:00-04:00,9.699999809265137,1.659999966621399,2023-04-01 00:00:00-04:00,-82.88659794574616
44,ADTRAN INC,ADTN,1994-08-01 00:00:00-04:00,4.511307824147891,9.109999656677246,2023-05-01 00:00:00-04:00,101.93699946418464
45,ADVANCED ENERGY INDUSTRIES,AEIS,1995-11-01 00:00:00-05:00,10.396683883666991,86.55000305175781,2023-05-01 00:00:00-04:00,732.4770092098919
46,ADVANSIX,ASIX,2016-09-01 00:00:00-04:00,16.183774512233857,36.36000061035156,2023-05-05 00:00:00-04:00,124.66947115993132
47,ADVANTAGE SOLUTIONS INC (A),ADV,2020-01-01 00:00:00-05:00,10.800000190734863,1.5700000524520874,2023-04-01 00:00:00-04:00,-85.4629627340288
48,Company,Ticker,*******,*******,*******,*******,*******
49,AEMETIS,AMTX,2006-06-01 00:00:00-04:00,45.0,1.690000057220459,2023-05-05 00:00:00-04:00,-96.24444431728787
50,AERIE PHARMACEUTICALS INC,AERI,*******,*******,*******,*******,*******
51,AEROJET ROCKETDYNE HOLDINGS,AJRD,1984-11-01 00:00:00-05:00,2.946831262323247,56.25,2023-05-01 00:00:00-04:00,1808.830027670236
52,AEROVATE THERAPEUTICS,AVTE,2021-06-01 00:00:00-04:00,21.420000076293945,21.149999618530273,2023-05-05 00:00:00-04:00,-1.2605063342762926
53,AEROVIRONMENT,AVAV,2007-01-01 00:00:00-05:00,22.889999389648438,91.66999816894531,2023-04-01 00:00:00-04:00,300.48056187542454
54,AERSALE CORPORATION,ASLE,2019-02-01 00:00:00-05:00,9.760000228881836,16.18000030517578,2023-05-01 00:00:00-04:00,65.7786877637139
55,AEVA TECHNOLOGIES INC,AEVA,2020-02-01 00:00:00-05:00,9.859999656677246,1.0,2023-05-01 00:00:00-04:00,-89.85801181724389
56,AEYE INC,LIDR,2021-01-01 00:00:00-05:00,11.859999656677246,0.3050000071525574,2023-04-01 00:00:00-04:00,-97.42833038801278
57,AFC GAMMA,AFCG,2021-03-01 00:00:00-05:00,17.183862400558176,11.09000015258789,2023-05-05 00:00:00-04:00,-35.46270393652792
58,AFFIMED N.V.,AFMD,2014-09-01 00:00:00-04:00,6.289999961853027,0.8747000098228455,2023-05-05 00:00:00-04:00,-86.09379944153196
59,AGENUS,AGEN,2000-02-01 00:00:00-05:00,303.9744873046875,1.5099999904632568,2023-05-01 00:00:00-04:00,-99.50324778771656
60,AGILITI,AGTI,2021-04-01 00:00:00-04:00,15.479999542236328,16.059999465942383,2023-04-01 00:00:00-04:00,3.746769643781686
61,AGILYSYS,AGYS,1984-12-01 00:00:00-05:00,0.0,77.75,2023-05-05 00:00:00-04:00,inf
62,AGIOS PHARMACEUTICALS,AGIO,2013-07-01 00:00:00-04:00,29.989999771118164,22.860000610351562,2023-04-01 00:00:00-04:00,-23.774588913578917
63,AGREE REALTY,ADC,1994-04-01 00:00:00-05:00,2.313326117110579,68.58000183105469,2023-04-01 00:00:00-04:00,2864.5626409437414
64,AIR TRANSPORT SERVICES GROUP,ATSG,2003-07-01 00:00:00-04:00,1.7799999713897705,20.93000030517578,2023-04-01 00:00:00-04:00,1075.8427326734318
65,AIRSCULPT TECHNOLOGIES,AIRS,2021-10-01 00:00:00-04:00,14.435672467420197,5.070000171661377,2023-04-01 00:00:00-04:00,-64.87866995386715
66,AKERO THERAPEUTICS,AKRO,2019-06-01 00:00:00-04:00,19.360000610351562,45.0,2023-05-05 00:00:00-04:00,132.43800920098644
67,AKOUSTIS TECHNOLOGIES INC,AKTS,2015-06-01 00:00:00-04:00,4.949999809265137,2.7699999809265137,2023-05-05 00:00:00-04:00,-44.04040226947523
68,AKOYA BIOSCIENCES,AKYA,2021-04-01 00:00:00-04:00,22.360000610351562,8.119999885559082,2023-04-01 00:00:00-04:00,-63.685153560327144
69,ALAMO GROUP,ALG,1993-03-01 00:00:00-05:00,7.966316942898732,177.9600067138672,2023-05-05 00:00:00-04:00,2133.9056804977213
70,ALARM.COM HOLDINGS,ALRM,2015-06-01 00:00:00-04:00,16.65999984741211,45.90999984741211,2023-05-05 00:00:00-04:00,175.57022969927317
71,ALBANY INTERNATIONAL A,AIN,1987-09-01 00:00:00-04:00,9.0310392274711,91.19999694824219,2023-05-05 00:00:00-04:00,909.8505238558276
72,ALBIREO PHARMA,ALBO,*******,*******,*******,*******,*******
73,ALECTOR,ALEC,2019-02-01 00:00:00-05:00,19.860000610351562,6.550000190734863,2023-05-01 00:00:00-04:00,-67.01913399075714
74,ALERUS FINANCIAL CORP.,ALRS,2003-03-01 00:00:00-05:00,2.795313640871029,13.9399995803833,2023-05-05 00:00:00-04:00,398.69178816154425
75,ALEXANDER & BALDWIN INC.,ALEX,2012-06-01 00:00:00-04:00,15.02145271029669,19.440000534057617,2023-05-05 00:00:00-04:00,29.41491684577327
76,ALEXANDERS INC,ALX,1984-11-01 00:00:00-05:00,7.902545058208964,187.75999450683594,2023-05-01 00:00:00-04:00,2275.9433590548856
77,ALICO INC,ALCO,1984-11-01 00:00:00-05:00,7.135771091167743,23.65999984741211,2023-05-01 00:00:00-04:00,231.56892990439576
78,ALIGHT INC (A),ALIT,2020-07-01 00:00:00-04:00,10.359999656677246,9.180000305175781,2023-04-01 00:00:00-04:00,-11.38995550777774
79,ALIGNMENT HEALTHCARE,ALHC,2021-03-01 00:00:00-05:00,21.5,7.019999980926514,2023-05-05 00:00:00-04:00,-67.34883729801622
80,ALKAMI TECHNOLOGY,ALKT,2021-04-01 00:00:00-04:00,48.09000015258789,12.600000381469727,2023-04-01 00:00:00-04:00,-73.79912592744778
81,ALKERMES PLC,ALKS,1991-07-01 00:00:00-04:00,4.625,28.059999465942383,2023-04-01 00:00:00-04:00,506.702691155511
82,ALLBIRDS,BIRD,2021-11-01 00:00:00-04:00,18.3700008392334,1.2999999523162842,2023-05-01 00:00:00-04:00,-92.92324500312579
83,ALLEGHENY TECHNOLOGIES,ATI,1999-11-01 00:00:00-05:00,16.928750003883223,38.7599983215332,2023-05-01 00:00:00-04:00,128.95960016328547
84,ALLEGIANCE BANCSHARES,ABTX,*******,*******,*******,*******,*******
85,ALLEGIANT TRAVEL,ALGT,2006-12-01 00:00:00-05:00,23.76613913222895,104.68000030517578,2023-05-05 00:00:00-04:00,340.4585857330971
86,ALLETE,ALE,1984-11-01 00:00:00-05:00,3.115414022430172,62.66999816894531,2023-05-01 00:00:00-04:00,1911.610582662131
87,ALLIED MOTION TECHNOLOGIES,AMOT,1985-01-01 00:00:00-05:00,0.0,38.84000015258789,2023-04-01 00:00:00-04:00,inf
88,ALLOGENE THERAPEUTICS,ALLO,2018-10-01 00:00:00-04:00,24.329999923706055,4.940000057220459,2023-04-01 00:00:00-04:00,-79.69584844754912
89,ALLOVIR,ALVR,2020-07-01 00:00:00-04:00,24.049999237060547,3.930000066757202,2023-04-01 00:00:00-04:00,-83.65904286308186
90,ALLSCRIPTS HEALTHCARE SOLUTIONS,MDRX,1999-07-01 00:00:00-04:00,6.483609766472043,13.260000228881836,2023-04-01 00:00:00-04:00,104.5157050853334
91,ALPHA & OMEGA SEMICONDUCTOR,AOSL,2010-04-01 00:00:00-04:00,18.0,26.899999618530273,2023-04-01 00:00:00-04:00,49.44444232516819
92,ALPHA METALLURGICAL RESOURCES INC,AMR,2021-02-01 00:00:00-05:00,14.746181725118376,146.10000610351562,2023-05-01 00:00:00-04:00,890.7649914191111
93,ALPHA TEKNOVA,TKNO,2021-06-01 00:00:00-04:00,23.600000381469727,1.8473000526428223,2023-05-05 00:00:00-04:00,-92.17245753058
94,ALPHATEC HOLDINGS INC.,ATEC,2006-06-01 00:00:00-04:00,78.72000122070312,15.25,2023-05-05 00:00:00-04:00,-80.62754095081328
95,ALPINE IMMUNE SCIENCES,ALPN,2015-06-01 00:00:00-04:00,61.47999954223633,6.929999828338623,2023-05-05 00:00:00-04:00,-88.72804183484459
96,ALTA EQUIPMENT GROUP INC (A),ALTG,2019-04-01 00:00:00-04:00,9.58480039480734,15.869999885559082,2023-04-01 00:00:00-04:00,65.57465186397424
97,ALTAIR ENGINEERING,ALTR,2017-11-01 00:00:00,17.100000381469727,68.62999725341797,2023-05-01 00:00:00,301.34500422460985
98,ALTO INGREDIENTS INC,ALTO,2005-03-01 00:00:00,1050.0,1.399999976158142,2023-05-05 00:00:00,-99.86666666893733
99,ALTRA INDUSTRIAL MOTION,AIMC,2006-12-01 00:00:00,11.942296639574534,61.560001373291016,2023-03-01 00:00:00,415.4787494500237
100,ALTUS POWER INC (A),AMPS,2021-02-01 00:00:00,10.25,4.550000190734863,2023-05-01 00:00:00,-55.609754236733046
101,ALX ONCOLOGY HOLDINGS,ALXO,2020-07-01 00:00:00,32.459999084472656,4.590000152587891,2023-04-01 00:00:00,-85.85951853959376
102,AMALGAMATED FINANCIAL CORP,AMAL,2018-08-01 00:00:00,16.039668482728853,16.420000076293945,2023-05-01 00:00:00,2.371193606492706
103,AMARK PRECIOUS METALS,AMRK,2014-03-01 00:00:00,5.187403181382081,35.369998931884766,2023-05-05 00:00:00,581.8440305320769
104,AMBAC FINANCIAL GROUP INC,AMBC,2013-05-01 00:00:00,18.610000610351562,15.880000114440918,2023-05-01 00:00:00,-14.669534693040895
105,AMBARELLA INC,AMBA,2012-10-01 00:00:00,8.4399995803833,76.62999725341797,2023-04-01 00:00:00,807.9384012236864
106,AMC NETWORKS,AMCX,2011-06-01 00:00:00,39.75,15.029999732971191,2023-05-05 00:00:00,-62.188679917053605
107,AMER RLTY INV,ARL,1985-01-01 00:00:00,6.891011128058801,26.420000076293945,2023-04-01 00:00:00,283.3980178716743
108,AMERANT BANCORP (A),AMTB,2018-10-01 00:00:00,21.239411738882136,21.850000381469727,2023-04-01 00:00:00,2.8747907432380067
109,AMERESCO,AMRC,2010-07-01 00:00:00,10.0,49.08000183105469,2023-04-01 00:00:00,390.8000183105469
110,AMERICA CAR MART,CRMT,1987-03-01 00:00:00,0.0,77.52999877929688,2023-05-05 00:00:00,inf
111,AMERICAN ASSETS TRUST INC.,AAT,2011-01-01 00:00:00,14.626797676086426,18.690000534057617,2023-04-01 00:00:00,27.779169083703014
112,AMERICAN AXLE & MFG HOLDINGS,AXL,1999-01-01 00:00:00,14.490957004507791,7.840000152587891,2023-04-01 00:00:00,-45.89729201357058
113,AMERICAN EAGLE OUTFITTERS,AEO,1994-04-01 00:00:00,0.4327808588636513,13.479999542236328,2023-04-01 00:00:00,3014.7402354232204
114,AMERICAN EQUITY INVESTMENT LIFE,AEL,2003-12-01 00:00:00,8.513322885343218,38.849998474121094,2023-05-05 00:00:00,356.34353351035674
115,AMERICAN NATIONAL BANKSHARES,AMNB,1999-04-01 00:00:00,5.774531860609312,31.56999969482422,2023-04-01 00:00:00,446.710979467919
116,AMERICAN PUBLIC EDUCATION,APEI,2007-11-01 00:00:00,42.790000915527344,5.670000076293945,2023-05-01 00:00:00,-86.74924058195928
117,AMERICAN SOFTWARE CLASS A,AMSWA,1984-11-01 00:00:00,1.0245739563492768,11.90999984741211,2023-05-01 00:00:00,1062.434373195408
118,AMERICAN STATES WATER,AWR,1984-11-01 00:00:00,0.0,88.5,2023-05-01 00:00:00,inf
119,AMERICAN VANGUARD,AVD,1987-03-01 00:00:00,0.23879973590373993,18.600000381469727,2023-05-05 00:00:00,7688.953497405616
120,AMERICAN WELL,AMWL,2020-09-01 00:00:00,30.600000381469727,2.0299999713897705,2023-05-05 00:00:00,-93.36601324809438
121,AMERICAN WOODMARK,AMWD,1986-07-01 00:00:00,0.0,52.2599983215332,2023-04-01 00:00:00,inf
122,AMERIS BANCORP,ABCB,1994-05-01 00:00:00,2.8537873761502075,33.599998474121094,2023-05-01 00:00:00,1077.3826864231169
123,AMERISAFE,AMSF,2005-11-01 00:00:00,5.0275543932919655,55.31999969482422,2023-05-01 00:00:00,1000.3361747539748
124,AMICUS THERAPEUTICS,FOLD,2007-05-01 00:00:00,14.399999618530273,11.539999961853027,2023-05-01 00:00:00,-19.861109253065038
125,AMKOR TECH INC,AMKR,1998-05-01 00:00:00,12.098393983478786,22.420000076293945,2023-05-01 00:00:00,85.31385328424619
126,AMMO INC,POWW,2017-02-01 00:00:00,2.4800000190734863,1.9600000381469727,2023-05-01 00:00:00,-20.96774100513042
127,AMN HEALTHCARE SERVICES INC,AMN,2001-11-01 00:00:00,25.899999618530273,86.3499984741211,2023-05-01 00:00:00,233.39768241672712
128,AMNEAL PHARMACEUTICALS,AMRX,2018-05-01 00:00:00,19.780000686645508,1.9299999475479126,2023-05-01 00:00:00,-90.24266996688755
129,AMPHASTAR PHARMACEUTICALS,AMPH,2014-06-01 00:00:00,9.899999618530273,36.790000915527344,2023-05-05 00:00:00,271.61618518313725
130,AMPLIFY ENERGY,AMPY,2012-04-01 00:00:00,134.79485138885454,7.25,2023-04-01 00:00:00,-94.62145629057798
131,AMPLITUDE INC,AMPL,2021-09-01 00:00:00,54.0,11.229999542236328,2023-05-05 00:00:00,-79.2037045514142
132,AMYLYX PHARMACEUTICALS,AMLX,2022-01-01 00:00:00,23.200000762939453,29.299999237060547,2023-04-01 00:00:00,26.293096006554702
133,AMYRIS,AMRS,2010-09-01 00:00:00,258.75,0.8500000238418579,2023-05-05 00:00:00,-99.67149757532681
134,AN2 THERAPEUTICS,ANTX,2022-03-01 00:00:00,15.380000114440918,5.179999828338623,2023-05-05 00:00:00,-66.31989733553442
135,ANAPTYS BIO,ANAB,2017-01-01 00:00:00,17.260000228881836,21.799999237060547,2023-04-01 00:00:00,26.303586025345194
136,ANAVEX LIFE SCIENCES,AVXL,2006-08-01 00:00:00,10.0,8.149999618530273,2023-05-01 00:00:00,-18.500003814697266
137,ANDERSONS INC,ANDE,1996-02-01 00:00:00,2.4316908318438175,44.70000076293945,2023-05-01 00:00:00,1738.2271371663603
138,ANGEL OAK MORTGAGE,AOMR,2021-06-01 00:00:00,14.664823028527273,7.889999866485596,2023-05-05 00:00:00,-46.197783286322036
139,ANGIODYNAMICS,ANGO,2004-06-01 00:00:00,14.170000076293945,8.539999961853027,2023-05-05 00:00:00,-39.73182839892688
140,ANI PHARMACEUTICALS,ANIP,2000-05-01 00:00:00,253.125,37.7400016784668,2023-05-01 00:00:00,-85.09036970727237
141,ANIKA THERAPEUT,ANIK,1993-05-01 00:00:00,3.25,25.709999084472656,2023-05-01 00:00:00,691.076894906851
142,ANTERIX,ATEX,2015-02-01 00:00:00,52.5,31.479999542236328,2023-05-01 00:00:00,-40.03809611002604
143,ANYWHERE REAL ESTATE INC,HOUS,2012-10-01 00:00:00,33.60204924523358,5.239999771118164,2023-04-01 00:00:00,-84.40571367277116
144,APARTMENT INV MANAGEMENT,AIV,1994-07-01 00:00:00,0.33126257953887095,7.670000076293945,2023-04-01 00:00:00,2215.3837922082394
145,ALTAIR ENGINEERING,ALTR,2017-11-01 00:00:00,17.100000381469727,68.62999725341797,2023-05-01 00:00:00,301.34500422460985
146,ALTO INGREDIENTS INC,ALTO,2005-03-01 00:00:00,1050.0,1.399999976158142,2023-05-05 00:00:00,-99.86666666893733
147,ALTRA INDUSTRIAL MOTION,AIMC,2006-12-01 00:00:00,11.942298419006669,61.560001373291016,2023-03-01 00:00:00,415.4786726424094
148,ALTUS POWER INC (A),AMPS,2021-02-01 00:00:00,10.25,4.550000190734863,2023-05-01 00:00:00,-55.609754236733046
149,ALX ONCOLOGY HOLDINGS,ALXO,2020-07-01 00:00:00,32.459999084472656,4.590000152587891,2023-04-01 00:00:00,-85.85951853959376
150,AMALGAMATED FINANCIAL CORP,AMAL,2018-08-01 00:00:00,16.0396633387863,16.420000076293945,2023-05-01 00:00:00,2.3712264370782212
151,AMARK PRECIOUS METALS,AMRK,2014-03-01 00:00:00,5.187404305355384,35.369998931884766,2023-05-05 00:00:00,581.8438827945106
152,AMBAC FINANCIAL GROUP INC,AMBC,2013-05-01 00:00:00,18.610000610351562,15.880000114440918,2023-05-01 00:00:00,-14.669534693040895
153,AMBARELLA INC,AMBA,2012-10-01 00:00:00,8.4399995803833,76.62999725341797,2023-04-01 00:00:00,807.9384012236864
154,AMC NETWORKS,AMCX,2011-06-01 00:00:00,39.75,15.029999732971191,2023-05-05 00:00:00,-62.188679917053605
155,AMER RLTY INV,ARL,1985-01-01 00:00:00,6.891012100073008,26.420000076293945,2023-04-01 00:00:00,283.3979637913281
156,AMERANT BANCORP (A),AMTB,2018-10-01 00:00:00,21.239413322230735,21.850000381469727,2023-04-01 00:00:00,2.8747830741629095
157,AMERESCO,AMRC,2010-07-01 00:00:00,10.0,49.08000183105469,2023-04-01 00:00:00,390.8000183105469
158,AMERICA CAR MART,CRMT,1987-03-01 00:00:00,0.0,77.52999877929688,2023-05-05 00:00:00,inf
159,AMERICAN ASSETS TRUST INC.,AAT,2011-01-01 00:00:00,14.626802444458008,18.690000534057617,2023-04-01 00:00:00,27.779127427397
160,AMERICAN AXLE & MFG HOLDINGS,AXL,1999-01-01 00:00:00,14.490955706724186,7.840000152587891,2023-04-01 00:00:00,-45.89728716823057
161,AMERICAN EAGLE OUTFITTERS,AEO,1994-04-01 00:00:00,0.43278088915455054,13.479999542236328,2023-04-01 00:00:00,3014.740017418487
162,AMERICAN EQUITY INVESTMENT LIFE,AEL,2003-12-01 00:00:00,8.513322885343218,38.849998474121094,2023-05-05 00:00:00,356.34353351035674
163,AMERICAN NATIONAL BANKSHARES,AMNB,1999-04-01 00:00:00,5.7745329528241545,31.56999969482422,2023-04-01 00:00:00,446.71087606114116
164,AMERICAN PUBLIC EDUCATION,APEI,2007-11-01 00:00:00,42.790000915527344,5.670000076293945,2023-05-01 00:00:00,-86.74924058195928
165,AMERICAN SOFTWARE CLASS A,AMSWA,1984-11-01 00:00:00,1.024573855609029,11.90999984741211,2023-05-01 00:00:00,1062.4344874906599
166,AMERICAN STATES WATER,AWR,1984-11-01 00:00:00,0.0,88.5,2023-05-01 00:00:00,inf
167,AMERICAN VANGUARD,AVD,1987-03-01 00:00:00,0.23879972100257874,18.600000381469727,2023-05-05 00:00:00,7688.953983438226
168,AMERICAN WELL,AMWL,2020-09-01 00:00:00,30.600000381469727,2.0299999713897705,2023-05-05 00:00:00,-93.36601324809438
169,AMERICAN WOODMARK,AMWD,1986-07-01 00:00:00,0.0,52.2599983215332,2023-04-01 00:00:00,inf
170,AMERIS BANCORP,ABCB,1994-05-01 00:00:00,2.853786701380542,33.599998474121094,2023-05-01 00:00:00,1077.3829648118701
171,AMERISAFE,AMSF,2005-11-01 00:00:00,5.027555748366315,55.31999969482422,2023-05-01 00:00:00,1000.3358781809677
172,AMICUS THERAPEUTICS,FOLD,2007-05-01 00:00:00,14.399999618530273,11.539999961853027,2023-05-01 00:00:00,-19.861109253065038
173,AMKOR TECH INC,AMKR,1998-05-01 00:00:00,12.098393186738221,22.420000076293945,2023-05-01 00:00:00,85.3138654881035
174,AMMO INC,POWW,2017-02-01 00:00:00,2.4800000190734863,1.9600000381469727,2023-05-01 00:00:00,-20.96774100513042
175,AMN HEALTHCARE SERVICES INC,AMN,2001-11-01 00:00:00,25.899999618530273,86.3499984741211,2023-05-01 00:00:00,233.39768241672712
176,AMNEAL PHARMACEUTICALS,AMRX,2018-05-01 00:00:00,19.780000686645508,1.9299999475479126,2023-05-01 00:00:00,-90.24266996688755
177,AMPHASTAR PHARMACEUTICALS,AMPH,2014-06-01 00:00:00,9.899999618530273,36.790000915527344,2023-05-05 00:00:00,271.61618518313725
178,AMPLIFY ENERGY,AMPY,2012-04-01 00:00:00,134.79485138885454,7.25,2023-04-01 00:00:00,-94.62145629057798
179,AMPLITUDE INC,AMPL,2021-09-01 00:00:00,54.0,11.229999542236328,2023-05-05 00:00:00,-79.2037045514142
180,AMYLYX PHARMACEUTICALS,AMLX,2022-01-01 00:00:00,23.200000762939453,29.299999237060547,2023-04-01 00:00:00,26.293096006554702
181,AMYRIS,AMRS,2010-09-01 00:00:00,258.75,0.8500000238418579,2023-05-05 00:00:00,-99.67149757532681
182,AN2 THERAPEUTICS,ANTX,2022-03-01 00:00:00,15.380000114440918,5.179999828338623,2023-05-05 00:00:00,-66.31989733553442
183,ANAPTYS BIO,ANAB,2017-01-01 00:00:00,17.260000228881836,21.799999237060547,2023-04-01 00:00:00,26.303586025345194
184,ANAVEX LIFE SCIENCES,AVXL,2006-08-01 00:00:00,10.0,8.149999618530273,2023-05-01 00:00:00,-18.500003814697266
185,ANDERSONS INC,ANDE,1996-02-01 00:00:00,2.43169030959364,44.70000076293945,2023-05-01 00:00:00,1738.2275319594162
186,ANGEL OAK MORTGAGE,AOMR,2021-06-01 00:00:00,14.664823028527273,7.889999866485596,2023-05-05 00:00:00,-46.197783286322036
187,ANGIODYNAMICS,ANGO,2004-06-01 00:00:00,14.170000076293945,8.539999961853027,2023-05-05 00:00:00,-39.73182839892688
188,ANI PHARMACEUTICALS,ANIP,2000-05-01 00:00:00,253.125,37.7400016784668,2023-05-01 00:00:00,-85.09036970727237
189,ANIKA THERAPEUT,ANIK,1993-05-01 00:00:00,3.25,25.709999084472656,2023-05-01 00:00:00,691.076894906851
190,ANTERIX,ATEX,2015-02-01 00:00:00,52.5,31.479999542236328,2023-05-01 00:00:00,-40.03809611002604
191,ANYWHERE REAL ESTATE INC,HOUS,2012-10-01 00:00:00,33.6020426995184,5.239999771118164,2023-04-01 00:00:00,-84.40571063498689
192,APARTMENT INV MANAGEMENT,AIV,1994-07-01 00:00:00,0.3312625478069121,7.670000076293945,2023-04-01 00:00:00,2215.384014001085
193,Company,Ticker,*******,*******,*******,*******,*******
194,API GROUP,APG,2020-04-01 00:00:00,10.100000381469727,22.55500030517578,2023-04-01 00:00:00,123.31682627019501
195,APOGEE ENTERPRISES,APOG,1984-11-01 00:00:00,1.6918046862246041,42.560001373291016,2023-05-01 00:00:00,2415.656902941144
196,APOLLO COMMERCIAL REAL ESTATE FINANCE,ARI,2009-09-01 00:00:00,4.428176138973931,9.5,2023-05-05 00:00:00,114.53527822407897
197,APOLLO MEDICAL HOLDINGS INC,AMEH,2009-03-01 00:00:00,9.399999618530273,34.88999938964844,2023-05-05 00:00:00,271.17022133564325
198,APPFOLIO,APPF,2015-06-01 00:00:00,14.800000190734863,135.3800048828125,2023-05-05 00:00:00,814.7297509331348
199,APPHARVEST INC,APPH,2020-06-01 00:00:00,9.760000228881836,0.4699999988079071,2023-05-05 00:00:00,-95.18442635465232
200,APPIAN,APPN,2017-05-01 00:00:00,17.440000534057617,37.380001068115234,2023-05-01 00:00:00,114.33486194635078
201,APPLE HOSPITALITY REIT,APLE,2015-05-01 00:00:00,12.323327131349288,14.859999656677246,2023-05-01 00:00:00,20.584315406794016
202,APPLIED BLOCKCHAIN,APLD,2022-04-01 00:00:00,3.369999885559082,2.2699999809265137,2023-04-01 00:00:00,-32.64094783344714
203,APPLIED INDUSTRIAL TECHNOLOGY,AIT,1984-12-01 00:00:00,1.2998469805685149,129.85000610351562,2023-05-05 00:00:00,9889.637860813667
204,ARBOR REALTY TRUST,ABR,2004-04-01 00:00:00,4.504064444856408,11.5,2023-04-01 00:00:00,155.32494352146477
205,ARBUTUS BIOPHARMA CORP.,ABUS,2007-07-01 00:00:00,6.400000095367432,3.0299999713897705,2023-04-01 00:00:00,-52.65625115251167
206,ARCBEST CORP,ARCB,1992-05-01 00:00:00,10.313305834506421,90.66000366210938,2023-05-01 00:00:00,779.0586172551745
207,ARCELLX INC,ACLX,2022-02-01 00:00:00,19.280000686645508,42.4900016784668,2023-05-01 00:00:00,120.3838182842905
208,ARCH RESOURCES INC,ARCH,2016-10-01 00:00:00,57.61614353671543,134.47999572753906,2023-04-01 00:00:00,133.40679794343188
209,ARCHAEA ENERGY INC (A),LFG,*******,*******,*******,*******,*******
210,ARCHER AVIATION INC (A),ACHR,2020-12-01 00:00:00,10.109000205993652,2.059999942779541,2023-05-05 00:00:00,-79.62211988522701
211,ARCHROCK,AROC,2007-08-01 00:00:00,47.22316260704938,10.149999618530273,2023-05-01 00:00:00,-78.50631118675838
212,ARCONIC CORPORATION,ARNC,2020-04-01 00:00:00,15.0,26.309999465942383,2023-04-01 00:00:00,75.39999643961589
213,ARCOSA,ACA,2018-11-01 00:00:00,27.449082282098868,67.79000091552734,2023-05-01 00:00:00,146.96636564690223
214,ARCTURUS THERAPEUTICS HOLDINGS INC,ARCT,2013-05-01 00:00:00,49.70000076293945,26.56999969482422,2023-05-01 00:00:00,-46.53923684718116
215,ARCUS BIOSCIENCES,RCUS,2018-03-01 00:00:00,15.5,19.6200008392334,2023-05-05 00:00:00,26.580650575699345
216,ARCUTIS BIOTHERAPEUTICS,ARQT,2020-01-01 00:00:00,21.15999984741211,11.039999961853027,2023-04-01 00:00:00,-47.82608676056663
217,ARDMORE SHIPPING,ASC,2013-08-01 00:00:00,11.412720681185945,15.029999732971191,2023-05-01 00:00:00,31.69515098839131
218,ARENA GROUP HOLDINGS,AREN,2008-01-01 00:00:00,6.599999904632568,4.260000228881836,2023-04-01 00:00:00,-35.454541053982084
219,ARES COMMERCIAL REAL ESTATE,ACRE,2012-04-01 00:00:00,6.822304796084945,9.15999984741211,2023-04-01 00:00:00,34.26547363683716
220,ARGAN INC.,AGX,1995-08-01 00:00:00,0.16370259012494767,40.290000915527344,2023-05-01 00:00:00,24511.706439571655
221,ARGO GROUP INTL,ARGO,1986-11-01 00:00:00,3.7564896549077917,29.360000610351562,2023-05-01 00:00:00,681.5807657554229
222,ARIS WATER SOLUTIONS,ARIS,2021-10-01 00:00:00,13.035954882695004,7.929999828338623,2023-04-01 00:00:00,-39.16824736126115
223,ARKO CORP (A),ARKO,2019-07-01 00:00:00,9.80617952008479,8.510000228881836,2023-04-01 00:00:00,-13.217984522393756
224,ARLO TECHNOLOGIES,ARLO,2018-08-01 00:00:00,19.649999618530273,6.449999809265137,2023-05-01 00:00:00,-67.1755728525171
225,ARMADA HOFFLER PROPERTIES,AHH,2013-05-01 00:00:00,6.61047551751781,11.6899995803833,2023-05-01 00:00:00,76.84052454932649
226,ARMOUR RESIDENTIAL REIT,ARR,2007-12-01 00:00:00,10.632844668986426,5.0,2023-05-05 00:00:00,-52.975895391532845
227,ARRAY TECHNOLOGIES,ARRY,2020-10-01 00:00:00,37.7400016784668,21.899999618530273,2023-04-01 00:00:00,-41.971386739429605
228,ARROW FINANCIAL,AROW,1980-09-01 00:00:00,0.29675901372710967,20.389999389648438,2023-05-05 00:00:00,6770.894714725817
229,ARROWHEAD PHARMACEUTICALS INC.,ARWR,1993-12-01 00:00:00,1787.5,40.70000076293945,2023-05-05 00:00:00,-97.723076880395
230,ARTERIS,AIP,2021-10-01 00:00:00,23.700000762939453,4.230000019073486,2023-04-01 00:00:00,-82.15189922825618
231,ARTESIAN RES A,ARTNA,1994-04-01 00:00:00,1.6647767046387163,55.68000030517578,2023-04-01 00:00:00,3244.592710243339
232,ARTISAN PARTNERS ASSET MANAGEMENT,APAM,2013-03-01 00:00:00,16.385166758661452,32.459999084472656,2023-05-05 00:00:00,98.10600381783603
233,ARTIVION INC,AORT,1993-02-01 00:00:00,3.0989683928932847,13.850000381469727,2023-05-01 00:00:00,346.92293129646845
234,ARVINAS HOLDING,ARVN,2018-09-01 00:00:00,16.8799991607666,23.989999771118164,2023-05-05 00:00:00,42.1208587905443
235,ASANA,ASAN,2020-09-01 00:00:00,27.260000228881836,16.139999389648438,2023-05-05 00:00:00,-40.7923725086833
236,ASBURY AUTOMOTIVE GROUP INC,ABG,2002-03-01 00:00:00,13.763621061276167,192.5,2023-05-05 00:00:00,1298.6145008132864
237,ASGN INCORPORATED,ASGN,1992-09-01 00:00:00,1.96875,65.76000213623047,2023-05-05 00:00:00,3240.190584697421
238,ASHFORD HOSPITALITY TRUST,AHT,2003-08-01 00:00:00,218.46783619890383,3.4200000762939453,2023-05-01 00:00:00,-98.43455213554631
239,ASPEN AEROGELS,ASPN,2014-06-01 00:00:00,11.034000396728516,7.630000114440918,2023-05-05 00:00:00,-30.850101140986492
240,ASSETMARK FINANCIAL HOLDINGS,AMK,2019-07-01 00:00:00,28.520000457763672,31.43000030517578,2023-04-01 00:00:00,10.20336536011504
241,ASSOCIATED BANC-CORP,ASB,1984-12-01 00:00:00,0.9691841672053998,15.869999885559082,2023-05-05 00:00:00,1537.459672016675
242,APELLIS PHARMACEUTICALS,APLS,2017-11-01 00:00:00,13.869999885559082,76.70999908447266,2023-05-01 00:00:00,453.06416523002423
243,APELLIS PHARMACEUTICALS,APLS,2017-11-01 00:00:00,13.869999885559082,76.70999908447266,2023-05-01 00:00:00,453.06416523002423
244,APELLIS PHARMACEUTICALS,APLS,2017-11-01 00:00:00,13.869999885559082,76.70999908447266,2023-05-01 00:00:00,453.06416523002423
245,APELLIS PHARMACEUTICALS,APLS,2017-11-01 04:00:00,13.869999885559082,76.70999908447266,2023-05-01 04:00:00,453.06416523002423
246,APELLIS PHARMACEUTICALS,APLS,2017-11-01 00:00:00,13.869999885559082,76.70999908447266,2023-05-01 00:00:00,453.06416523002423
247,APELLIS PHARMACEUTICALS,APLS,2017-11-01 00:00:00,13.869999885559082,76.70999908447266,2023-05-01 00:00:00,453.06416523002423
248,APELLIS PHARMACEUTICALS,APLS,2017-11-01 00:00:00,13.869999885559082,76.70999908447266,2023-05-01 00:00:00,453.06416523002423
249,APELLIS PHARMACEUTICALS,APLS,2017-11-01 00:00:00,13.869999885559082,76.70999908447266,2023-05-01 00:00:00,453.06416523002423
250,APELLIS PHARMACEUTICALS,APLS,2017-11-01 00:00:00,13.869999885559082,76.70999908447266,2023-05-01 00:00:00,453.06416523002423
251,APELLIS PHARMACEUTICALS,APLS,2017-11-01 00:00:00,13.869999885559082,76.70999908447266,2023-05-01 00:00:00,453.06416523002423
252,APELLIS PHARMACEUTICALS,APLS,2017-11-01 00:00:00,13.869999885559082,76.70999908447266,2023-05-01 00:00:00,453.06416523002423
253,APELLIS PHARMACEUTICALS,APLS,2017-11-01 00:00:00,13.869999885559082,76.70999908447266,2023-05-01 00:00:00,453.06416523002423
254,APELLIS PHARMACEUTICALS,APLS,2017-11-01 00:00:00,13.869999885559082,76.70999908447266,2023-05-01 00:00:00,453.06416523002423
255,APELLIS PHARMACEUTICALS,APLS,2017-11-01 00:00:00,13.869999885559082,76.70999908447266,2023-05-01 00:00:00,453.06416523002423
256,APELLIS PHARMACEUTICALS,APLS,2017-11-01 00:00:00,13.869999885559082,76.70999908447266,2023-05-01 00:00:00,453.06416523002423
257,APELLIS PHARMACEUTICALS,APLS,2017-11-01 00:00:00,13.869999885559082,76.70999908447266,2023-05-01 00:00:00,453.06416523002423
258,APELLIS PHARMACEUTICALS,APLS,2017-11-01 00:00:00,13.869999885559082,76.70999908447266,2023-05-01 00:00:00,453.06416523002423
259,APELLIS PHARMACEUTICALS,APLS,2017-11-01 00:00:00,13.869999885559082,76.70999908447266,2023-05-01 00:00:00,453.06416523002423
260,APELLIS PHARMACEUTICALS,APLS,2017-11-01 00:00:00,13.869999885559082,76.70999908447266,2023-05-01 00:00:00,453.06416523002423
261,APELLIS PHARMACEUTICALS,APLS,2017-11-01 00:00:00,13.869999885559082,76.70999908447266,2023-05-01 00:00:00,453.06416523002423
262,APELLIS PHARMACEUTICALS,APLS,2017-11-01 00:00:00,13.869999885559082,76.70999908447266,2023-05-01 00:00:00,453.06416523002423
263,APELLIS PHARMACEUTICALS,APLS,2017-11-01 00:00:00,13.869999885559082,76.70999908447266,2023-05-01 00:00:00,453.06416523002423
264,APELLIS PHARMACEUTICALS,APLS,2017-11-01 00:00:00,13.869999885559082,76.70999908447266,2023-05-01 00:00:00,453.06416523002423
265,APELLIS PHARMACEUTICALS,APLS,2017-11-01 00:00:00,13.869999885559082,76.70999908447266,2023-05-01 00:00:00,453.06416523002423
266,APELLIS PHARMACEUTICALS,APLS,2017-11-01 00:00:00-04:00,13.869999885559082,76.70999908447266,2023-05-01 00:00:00-04:00,453.06416523002423
267,APELLIS PHARMACEUTICALS,APLS,2017-11-01 00:00:00-04:00,13.869999885559082,76.70999908447266,2023-05-01 00:00:00-04:00,453.06416523002423
268,ASTEC INDS INC,ASTE,1986-06-01 00:00:00-04:00,2.6753822294148533,41.20000076293945,2023-05-05 00:00:00-04:00,1439.9668993073383
269,ASTRA SPACE INC,ASTR,2020-10-01 00:00:00-04:00,9.789999961853027,0.4480000138282776,2023-04-01 00:00:00-04:00,-95.423901781676
270,ASTRONICS,ATRO,1984-12-01 00:00:00-05:00,0.0,14.6899995803833,2023-05-05 00:00:00-04:00,inf
271,ATARA BIOTHERAPEUTICS,ATRA,2014-10-01 00:00:00-04:00,19.0,2.859999895095825,2023-04-01 00:00:00-04:00,-84.94736897317988
272,ATEA PHARMACEUTICALS,AVIR,2020-10-01 00:00:00-04:00,29.940000534057617,3.319999933242798,2023-04-01 00:00:00-04:00,-88.91115606539084
273,ATERIAN INC,ATER,2019-06-01 00:00:00-04:00,8.15999984741211,0.7161999940872192,2023-05-05 00:00:00-04:00,-91.22303912402208
274,ATHIRA PHARMA,ATHA,2020-09-01 00:00:00-04:00,18.25,2.9600000381469727,2023-05-05 00:00:00-04:00,-83.78082170878372
275,ATI PHYSICAL THERAPY INC (A),ATIP,2020-10-01 00:00:00-04:00,9.710000038146973,0.26600000262260437,2023-04-01 00:00:00-04:00,-97.26055611145634
276,ATKORE INC,ATKR,2016-06-01 00:00:00-04:00,16.09000015258789,125.55999755859375,2023-05-05 00:00:00-04:00,680.3604497691622
277,ATLANTIC UNION BANKSHARES,AUB,1993-10-01 00:00:00-04:00,3.9936365644990994,34.83000183105469,2023-04-01 00:00:00-04:00,772.137493448236
278,ATLANTICUS HOLDINGS CORP,ATLC,1999-04-01 00:00:00-05:00,14.361699298808448,27.280000686645508,2023-04-01 00:00:00-04:00,89.9496718254563
279,ATLAS AIR WORLDWIDE HOLDINGS,AAWW,2004-07-01 00:00:00-04:00,16.850000381469727,100.87000274658203,2023-01-01 00:00:00-05:00,498.6350175843956
280,ATLAS TECHNICAL CONSULTANTS INC (A),ATCX,2019-01-01 00:00:00-05:00,10.425999641418457,12.1899995803833,2023-04-01 00:00:00-04:00,16.919240357127535
281,ATN INTERNATIONAL,ATNI,1991-11-01 00:00:00-05:00,4.11088363062579,36.209999084472656,2023-05-01 00:00:00-04:00,780.8325006991378
282,ATOMERA,ATOM,2016-08-01 00:00:00-04:00,9.378000259399414,7.920000076293945,2023-05-01 00:00:00-04:00,-15.547026474478281
283,ATRICURE,ATRC,2005-08-01 00:00:00-04:00,13.399999618530273,44.310001373291016,2023-05-01 00:00:00-04:00,230.67166145300968
284,ATRION CORP,ATRI,1984-12-01 00:00:00-05:00,12.386706483582303,613.1563110351562,2023-05-05 00:00:00-04:00,4850.115770062455
285,AUDACY,AUD,1999-01-01 00:00:00-05:00,22.78696616883834,0.12999999523162842,2023-04-01 00:00:00-04:00,-99.42949844982257
286,AURA BIOSCIENCES,AURA,2021-10-01 00:00:00-04:00,14.850000381469727,9.279999732971191,2023-04-01 00:00:00-04:00,-37.5084209118873
287,AURINIA PHARMACEUTICALS NASDAQ,AUPH,2014-09-01 00:00:00-04:00,3.200000047683716,11.524999618530273,2023-05-05 00:00:00-04:00,260.156232712325
288,AVANOS MEDICAL,AVNS,2014-10-01 00:00:00-04:00,37.52000045776367,29.610000610351562,2023-04-01 00:00:00-04:00,-21.082088888342124
289,AVAYA HOLDINGS,AVYA,,,,,
290,AVEANNA HEALTHCARE HOLDINGS,AVAH,2021-04-01 00:00:00-04:00,11.779999732971191,1.0099999904632568,2023-04-01 00:00:00-04:00,-91.42614589679188
291,AVEPOINT INC (A),AVPT,2019-11-01 00:00:00-04:00,10.25,4.309999942779541,2023-05-01 00:00:00-04:00,-57.9512200704435
292,AVIAT NETWORKS,AVNW,1987-05-01 00:00:00-04:00,0.0,33.0,2023-05-01 00:00:00-04:00,inf
293,AVID BIOSERVICES,CDMO,1994-04-01 00:00:00-05:00,75.90215995094992,18.649999618530273,2023-04-01 00:00:00-04:00,-75.42889473687914
294,AVID TECHNOLOGY,AVID,1993-03-01 00:00:00-05:00,25.25,24.43000030517578,2023-05-05 00:00:00-04:00,-3.247523543858292
295,AVIDITY BIOSCIENCES,RNA,2020-06-01 00:00:00-04:00,28.530000686645508,11.390000343322754,2023-05-05 00:00:00-04:00,-60.077111569596795
296,AVIDXCHANGE HOLDINGS,AVDX,2021-10-01 00:00:00-04:00,22.040000915527344,7.769999980926514,2023-04-01 00:00:00-04:00,-64.74591806639857
297,AVIENT CORP,AVNT,1999-09-01 00:00:00-04:00,8.557623389238369,37.75,2023-05-05 00:00:00-04:00,341.1271480756267
298,AVISTA CORP,AVA,1984-11-01 00:00:00-05:00,0.0,44.09000015258789,2023-05-01 00:00:00-04:00,inf
299,AXCELIS TECHS,ACLS,2000-07-01 00:00:00-04:00,74.25,132.22000122070312,2023-04-01 00:00:00-04:00,78.07407571811868
300,AXOGEN,AXGN,1986-12-01 00:00:00-05:00,0.0,9.119999885559082,2023-05-05 00:00:00-04:00,inf
301,AXONICS INC,AXNX,2018-10-01 00:00:00-04:00,14.899999618530273,54.779998779296875,2023-04-01 00:00:00-04:00,267.65100793137026
302,AXOS FINANCIAL,AX,2005-03-01 00:00:00-05:00,2.825000047683716,39.0,2023-05-05 00:00:00-04:00,1280.5309501490813
303,AXSOME THERAPEUTICS,AXSM,2015-11-01 00:00:00-04:00,8.8100004196167,71.69000244140625,2023-05-01 00:00:00-04:00,713.734381689454
304,AXT INC,AXTI,1998-05-01 00:00:00-04:00,11.1875,2.700000047683716,2023-05-01 00:00:00-04:00,-75.86592136148634
305,AZZ INC,AZZ,1984-12-01 00:00:00-05:00,0.0,36.959999084472656,2023-05-05 00:00:00-04:00,inf
306,B RILEY SECURITIES INC,RILY,2007-08-01 00:00:00-04:00,106.36187314018949,31.389999389648438,2023-05-01 00:00:00-04:00,-70.48754552463073
307,B&G FOODS,BGS,2007-05-01 00:00:00-04:00,5.046803969962016,16.18000030517578,2023-05-01 00:00:00-04:00,220.5989454212456
308,BABCOCK & WILCOX ENTERPRISES,BW,2015-06-01 00:00:00-04:00,195.0,5.840000152587891,2023-05-05 00:00:00-04:00,-97.005128126878
309,BABYLON HOLDINGS LTD (A),BBLN,2021-04-01 00:00:00-04:00,244.0,5.119999885559082,2023-04-01 00:00:00-04:00,-97.90163939116431
310,BADGER METER,BMI,1984-11-01 00:00:00-05:00,0.297425304392292,132.99000549316406,2023-05-01 00:00:00-04:00,44613.749479013924
311,BAKKT HOLDINGS INC (A),BKKT,2020-11-01 00:00:00-04:00,9.949999809265137,1.3600000143051147,2023-05-01 00:00:00-04:00,-86.33165788567429
312,BALCHEM,BCPC,1986-06-01 00:00:00-04:00,0.19881534659473002,130.97000122070312,2023-05-05 00:00:00-04:00,65775.19699255185
313,BALLYS CORPORATION,BALY,2019-03-01 00:00:00-05:00,30.634349235921434,15.579999923706055,2023-05-05 00:00:00-04:00,-49.14205683391128
314,BANC OF CALIFORNIA,BANC,2002-08-01 00:00:00-04:00,8.294244796229677,11.380000114440918,2023-05-01 00:00:00-04:00,37.20357180214811
315,Company,Ticker,,,,,
316,ASSOCIATED CAPITAL GROUP,AC,2015-11-01 00:00:00-04:00,28.23605097422526,37.54999923706055,2023-05-01 00:00:00-04:00,32.98601589626448
317,BANDWIDTH CLASS A,BAND,2017-11-01 00:00:00-04:00,22.0,12.220000267028809,2023-05-01 00:00:00-04:00,-44.45454424077814
318,BANK FIRST,BFC,2003-10-01 00:00:00-04:00,12.28211446668281,73.16000366210938,2023-04-01 00:00:00-04:00,495.66293621971624
319,BANK OF MARIN BANCORP,BMRC,1999-12-01 00:00:00-05:00,4.066955214624406,14.420000076293945,2023-05-05 00:00:00-04:00,254.56500785749782
320,BANK OF N.T. BUTTERFIELD & SON,NTB,2016-09-01 00:00:00-04:00,18.274556254878036,23.540000915527344,2023-05-05 00:00:00-04:00,28.812982308360024
321,BANKUNITED,BKU,2011-01-01 00:00:00-05:00,20.10580968712572,22.729999542236328,2023-04-01 00:00:00-04:00,13.051898411188809
322,BANKWELL FINANCIAL GROUP,BWFG,2010-04-01 00:00:00-04:00,16.50291049284805,25.100000381469727,2023-04-01 00:00:00-04:00,52.09438597117425
323,BANNER CORP,BANR,1995-11-01 00:00:00-05:00,37.7963568983746,49.41999816894531,2023-05-01 00:00:00-04:00,30.753337687608145
324,BAR HARBOR BK,BHB,1997-09-01 00:00:00-04:00,4.580673083351894,22.6200008392334,2023-05-05 00:00:00-04:00,393.8139096073907
325,BARK INC (A),BARK,2020-12-01 00:00:00-05:00,15.140000343322754,1.0499999523162842,2023-05-05 00:00:00-04:00,-93.06472966640737
326,BARNES GROUP INC,B,1984-12-01 00:00:00-05:00,1.3473842140788292,41.65999984741211,2023-05-05 00:00:00-04:00,2991.916872122028
327,BARRETT BUS,BBSI,1993-06-01 00:00:00-04:00,2.2477071062690266,79.16999816894531,2023-05-05 00:00:00-04:00,3422.255989142631
328,BATTALION OIL CORPORATION,BATL,2019-12-01 00:00:00-05:00,13.449999809265137,6.199999809265137,2023-05-05 00:00:00-04:00,-53.90334648931208
329,BAYCOM,BCML,2005-11-01 00:00:00-05:00,11.821963908941092,16.899999618530273,2023-05-01 00:00:00-04:00,42.95424811565026
330,BCB BANCORP INC.,BCBP,2003-10-01 00:00:00-04:00,5.339846711578538,13.149999618530273,2023-04-01 00:00:00-04:00,146.26174361928338
331,BEACON ROOFING SUPPLY,BECN,2004-09-01 00:00:00-04:00,10.833333015441895,57.09000015258789,2023-05-05 00:00:00-04:00,426.98463225686385
332,BEAM THERAPEUTICS,BEAM,2020-02-01 00:00:00-05:00,23.100000381469727,30.65999984741211,2023-05-01 00:00:00-04:00,32.72726987488206
333,BEAUTY HEALTH CO,SKIN,2020-11-01 00:00:00-04:00,10.100000381469727,11.470000267028809,2023-05-01 00:00:00-04:00,13.564354790249256
334,BEAZER HOMES USA,BZH,1994-02-01 00:00:00-05:00,27.973561320827947,21.260000228881836,2023-05-01 00:00:00-04:00,-23.99966530878381
335,BED BATH BEYOND,BBBY,1992-06-01 00:00:00-04:00,0.8945278044793958,0.1006999984383583,2023-05-02 00:00:00-04:00,-88.74266423759019
336,BELDEN,BDC,1993-11-01 00:00:00-05:00,5.245641090369072,78.9800033569336,2023-05-01 00:00:00-04:00,1405.631094394541
337,BELLRING BRANDS,BRBR,2019-10-01 00:00:00-04:00,17.469999313354492,33.95000076293945,2023-04-01 00:00:00-04:00,94.33315453531385
338,BENCHMARK ELECT,BHE,1990-06-01 00:00:00-04:00,1.6065950734631267,21.709999084472656,2023-05-05 00:00:00-04:00,1251.3049705595856
339,BENEFITFOCUS,BNFT,,,,,
340,BENSON HILL INC,BHIL,2021-02-01 00:00:00-05:00,11.25,1.0800000429153442,2023-05-01 00:00:00-04:00,-90.39999961853027
341,BERKELEY LIGHTS,BLI,2020-07-01 00:00:00-04:00,59.9900016784668,1.1799999475479126,2023-04-01 00:00:00-04:00,-98.03300564338629
342,BERKSHIRE GREY INC (A),BGRY,2021-02-01 00:00:00-05:00,12.25,1.3799999952316284,2023-05-01 00:00:00-04:00,-88.7346939164765
343,BERKSHIRE HILLS BANCORP,BHLB,2000-06-01 00:00:00-04:00,7.241746560121194,19.639999389648438,2023-05-05 00:00:00-04:00,171.20528489359
344,BERRY CORPORATION,BRY,2018-07-01 00:00:00-04:00,9.838573883121283,8.25,2023-04-01 00:00:00-04:00,-16.146383632353317
345,BEYOND MEAT,BYND,2019-05-01 00:00:00-04:00,104.13999938964844,13.550000190734863,2023-05-01 00:00:00-04:00,-86.98866883987927
346,BGC PARTNERS,BGCP,1999-12-01 00:00:00-05:00,9.323716974810914,4.130000114440918,2023-05-05 00:00:00-04:00,-55.704359907120896
347,BIG 5 SPORTING GOODS CORP,BGFV,2002-06-01 00:00:00-04:00,6.319212279658034,7.46999979019165,2023-05-05 00:00:00-04:00,18.21093293919051
348,BIG LOTS,BIG,1985-06-01 00:00:00-04:00,2.345887608213194,8.779999732971191,2023-05-05 00:00:00-04:00,274.2719686242218
349,BIGCOMMERCE HOLDINGS,BIGC,2020-08-01 00:00:00-04:00,111.51799774169922,7.335000038146973,2023-05-01 00:00:00-04:00,-93.42258632087666
350,BIGLARI HOLDINGS B,BH,1984-12-01 00:00:00-05:00,0.0,185.36000061035156,2023-05-05 00:00:00-04:00,inf
351,BIOCRYST PHARM,BCRX,1994-03-01 00:00:00-05:00,5.5,8.520000457763672,2023-05-05 00:00:00-04:00,54.90909923206676
352,BIOHAVEN PHARMACEUTICALS HOLDINGS,BHVN,2022-09-01 00:00:00-04:00,6.389999866485596,13.899999618530273,2023-05-05 00:00:00-04:00,117.52738511675534
353,BIOLIFE SOLUTIONS INC,BLFS,1989-11-01 00:00:00-05:00,0.0,17.770000457763672,2023-05-01 00:00:00-04:00,inf
354,BIONANO GENOMICS INC,BNGO,2018-08-01 00:00:00-04:00,6.25,0.699999988079071,2023-05-01 00:00:00-04:00,-88.80000019073486
355,BIOVENTUS,BVS,2021-02-01 00:00:00-05:00,12.489999771118164,1.0099999904632568,2023-05-01 00:00:00-04:00,-91.91353075282854
356,BIOXCEL THERAPEUTICS,BTAI,2018-03-01 00:00:00-05:00,10.5,22.989999771118164,2023-05-05 00:00:00-04:00,118.95237877255394
357,BIRD GLOBAL INC (A),BRDS,2021-03-01 00:00:00-05:00,11.0,0.13500000536441803,2023-05-05 00:00:00-04:00,-98.77272722395983
358,BJS RESTAURANTS,BJRI,1996-10-01 00:00:00-04:00,5.108316349983215,29.110000610351562,2023-04-01 00:00:00-04:00,469.85508758570154
359,BLACK HILLS CORP,BKH,1984-11-01 00:00:00-05:00,1.2707442247176202,65.20999908447266,2023-05-01 00:00:00-04:00,5031.638438015594
360,BLACKBAUD,BLKB,2004-07-01 00:00:00-04:00,7.46629939917094,68.80000305175781,2023-04-01 00:00:00-04:00,821.4739374019395
361,BLACKLINE,BL,2016-10-01 00:00:00-04:00,22.350000381469727,66.54000091552734,2023-04-01 00:00:00-04:00,197.71811982023644
362,BLACKSTONE MORTGAGE TRUST,BXMT,1984-12-01 00:00:00-05:00,0.0,17.25,2023-05-05 00:00:00-04:00,inf
363,BLADE AIR MOBILITY INC (A),BLDE,2019-11-01 00:00:00-04:00,9.779999732971191,2.640000104904175,2023-05-01 00:00:00-04:00,-73.0061331596567
364,BANCFIRST,BANF,1990-03-01 00:00:00-05:00,0.9375590791946369,73.05000305175781,2023-05-05 00:00:00-04:00,7691.509321685387
365,BANCO LATINOAMERICANO DE COMERCIO EXTERI,BLX,1992-09-01 00:00:00-04:00,4.812030299504598,17.639999389648438,2023-05-05 00:00:00-04:00,266.581220227655
366,BLOOM ENERGY,BE,2018-07-01 00:00:00-04:00,23.670000076293945,20.239999771118164,2023-04-01 00:00:00-04:00,-14.490918014871518
367,BLOOMIN BRANDS,BLMN,2012-08-01 00:00:00-04:00,11.503408587560633,24.6200008392334,2023-05-01 00:00:00-04:00,114.0235274773824
368,BLUCORA,BCOR,,,,,
369,BLUE BIRD,BLBD,2014-03-01 00:00:00-05:00,9.5600004196167,18.149999618530273,2023-05-05 00:00:00-04:00,89.8535441618525
370,BLUE FOUNDRY BANCORP,BLFY,2021-07-01 00:00:00-04:00,12.350000381469727,9.489999771118164,2023-04-01 00:00:00-04:00,-23.157898963653352
371,BLUE RIDGE BANKSHARES,BRBS,2012-09-01 00:00:00-04:00,3.670770378015839,7.5,2023-05-05 00:00:00-04:00,104.3167844253438
372,BLUEBIRD BIO,BLUE,2013-06-01 00:00:00-04:00,16.25647735595703,4.349999904632568,2023-05-05 00:00:00-04:00,-73.24143595575119
373,BLUEGREEN VACATIONS HOLDING CORPORATION ,BVH,1997-11-01 00:00:00-05:00,15.775675459520269,29.059999465942383,2023-05-01 00:00:00-04:00,84.20764005008306
374,BLUELINX HOLDINGS,BXC,2004-12-01 00:00:00-05:00,125.58202305079065,71.02999877929688,2023-05-05 00:00:00-04:00,-43.43935775698616
375,BLUEPRINT MEDICINES,BPMC,2015-04-01 00:00:00-04:00,18.790000915527344,44.75,2023-04-01 00:00:00-04:00,138.15858339325732
376,BLUEROCK RESIDENTIAL GROWTH REIT,BRG,,,,,
377,BOISE CASCADE COMPANY,BCC,2013-02-01 00:00:00-05:00,21.01565925340337,67.93000030517578,2023-05-01 00:00:00-04:00,223.23516234293191
378,BOOT BARN HOLDINGS,BOOT,2014-10-01 00:00:00-04:00,17.559999465942383,77.12000274658203,2023-04-01 00:00:00-04:00,339.1799834399555
379,BORR DRILLING,BORR,2019-07-01 00:00:00-04:00,19.559999465942383,7.96999979019165,2023-04-01 00:00:00-04:00,-59.25357869222384
380,BOSTON OMAHA,BOC,2017-06-01 00:00:00-04:00,13.109999656677246,20.18000030517578,2023-05-05 00:00:00-04:00,53.92830536725155
381,BOWLERO CORP (A),BOWL,2021-04-01 00:00:00-04:00,9.989999771118164,16.90999984741211,2023-04-01 00:00:00-04:00,69.26927162000726
382,BOX INC,BOX,2015-01-01 00:00:00-05:00,19.18000030517578,26.670000076293945,2023-04-01 00:00:00-04:00,39.051093075827346
383,BOXED INC (A),BOXD,2021-12-01 00:00:00-05:00,14.529999732971191,0.6129000186920166,2023-03-01 00:00:00-05:00,-95.78183048894876
384,BRADY CORP,BRC,1986-10-01 00:00:00-04:00,1.7589656060415029,53.529998779296875,2023-04-01 00:00:00-04:00,2943.2658032333256
385,BRAEMAR HOTELS & RESORTS,BHR,2013-11-01 00:00:00-04:00,14.998878160900208,3.8299999237060547,2023-05-01 00:00:00-04:00,-74.46475741305586
386,BRANDYWINE RLTY,BDN,1986-07-01 00:00:00-04:00,4.137663781642914,4.75,2023-04-01 00:00:00-04:00,14.79908109193807
387,BRC INC (A),BRCC,2022-02-01 00:00:00-05:00,17.469999313354492,5.190000057220459,2023-05-01 00:00:00-04:00,-70.29192752598968
388,BREAD FINANCIAL HOLDING INC,BFH,2001-06-01 00:00:00-04:00,11.106727600097656,24.43000030517578,2023-05-05 00:00:00-04:00,119.95677921335695
389,BRIDGEBIO PHARMA,BBIO,2019-06-01 00:00:00-04:00,27.420000076293945,13.140000343322754,2023-05-05 00:00:00-04:00,-52.078773498315975
390,BRIDGEWATER BANCSHARES,BWB,2018-03-01 00:00:00-05:00,13.069999694824219,8.5,2023-05-05 00:00:00-04:00,-34.96556848914052
391,BRIGHAM MINERALS,MNRL,,,,,
392,BRIGHT HEALTH GROUP,BHG,2021-06-01 00:00:00-04:00,17.459999084472656,0.15399999916553497,2023-05-05 00:00:00-04:00,-99.11798392187495
393,BRIGHTCOVE,BCOV,2012-02-01 00:00:00-05:00,14.869999885559082,4.090000152587891,2023-05-01 00:00:00-04:00,-72.49495505000057
394,BRIGHTSPHERE INVESTMENT GROUP INC,BSIG,2014-10-01 00:00:00-04:00,13.78378823916369,23.600000381469727,2023-04-01 00:00:00-04:00,71.2156336994163
395,BRIGHTSPIRE CAPITAL INC (A),BRSP,2018-02-01 00:00:00-05:00,13.263951846267524,5.690000057220459,2023-05-01 00:00:00-04:00,-57.10177386672566
396,BRIGHTVIEW HOLDINGS,BV,2018-06-01 00:00:00-04:00,22.06999969482422,6.289999961853027,2023-05-05 00:00:00-04:00,-71.49977322687441
397,BRINKER INTERNATIONAL,EAT,1985-01-01 00:00:00-05:00,0.0,38.18000030517578,2023-04-01 00:00:00-04:00,inf
398,BRINKS CO,BCO,1996-01-01 00:00:00-05:00,10.842824539291524,66.80000305175781,2023-04-01 00:00:00-04:00,516.0756619245501
399,BRISTOW GROUP INC,VTOL,2013-01-01 00:00:00-05:00,40.380001068115234,23.270000457763672,2023-04-01 00:00:00-04:00,-42.37246200536117
400,BROADMARK REALTY CAPITAL INC (A),BRMK,2019-11-01 00:00:00-04:00,8.218741842955328,4.900000095367432,2023-05-01 00:00:00-04:00,-40.38016780430385
401,BROADSTONE NET LEASE,BNL,2020-09-01 00:00:00-04:00,14.612645075368428,16.260000228881836,2023-05-05 00:00:00-04:00,11.27349049413542
402,BROOKDALE SENIOR LIVING,BKD,2005-11-01 00:00:00-05:00,23.348254842395868,4.300000190734863,2023-05-01 00:00:00-04:00,-81.58320516989174
403,BROOKFIELD BUSINESS CORPORATION,BBUC,2022-03-01 00:00:00-05:00,32.019541857400206,18.020000457763672,2023-05-05 00:00:00-04:00,-43.72186667124666
404,BROOKFIELD INFRASTRUCTURE,BIPC,2020-03-01 00:00:00-05:00,21.618635159436703,42.709999084472656,2023-05-05 00:00:00-04:00,97.5610336614123
405,BROOKLINE BANCORP INC,BRKL,1998-03-01 00:00:00-05:00,2.983632425048248,8.109999656677246,2023-05-05 00:00:00-04:00,171.81631318228148
406,BRP GROUP,BRP,2019-10-01 00:00:00-04:00,16.200000762939453,25.309999465942383,2023-04-01 00:00:00-04:00,56.234557246711766
407,BRT APARTMENTS,BRT,1984-11-01 00:00:00-05:00,1.2892242556526547,17.260000228881836,2023-05-01 00:00:00-04:00,1238.78959794657
408,BTRS HOLDINGS INC (A),BTRS,,,,,
409,BUCKLE INC,BKE,1992-05-01 00:00:00-04:00,0.415839418781905,33.59000015258789,2023-05-01 00:00:00-04:00,7977.637336782835
410,BUILD-A-BEAR WORKSHOP,BBW,2004-10-01 00:00:00-04:00,21.64566271652883,23.350000381469727,2023-04-01 00:00:00-04:00,7.873806809525169
411,BUMBLE,BMBL,2021-02-01 00:00:00-05:00,68.51000213623047,18.079999923706055,2023-05-01 00:00:00-04:00,-73.60969295000982
412,Company,Ticker,,,,,
413,BLEND LABS,BLND,2021-07-01 00:00:00-04:00,18.239999771118164,1.0,2023-04-01 00:00:00-04:00,-94.51754379085337
414,BLINK CHARGING,BLNK,2009-12-01 00:00:00-05:00,2250.0,7.179999828338623,2023-05-05 00:00:00-04:00,-99.68088889651828
415,C3 AI,AI,2020-12-01 00:00:00-05:00,131.13999938964844,18.18000030517578,2023-05-05 00:00:00-04:00,-86.13695257755901
416,C4 THERAPEUTICS,CCCC,2020-10-01 00:00:00-04:00,24.770000457763672,3.119999885559082,2023-04-01 00:00:00-04:00,-87.404118579331
417,CABOT CORP,CBT,1984-11-01 00:00:00-05:00,1.6049093080729973,71.47000122070312,2023-05-01 00:00:00-04:00,4353.2112102033125
418,CACTUS CLASS A,WHD,2018-02-01 00:00:00-05:00,23.577756306261886,39.88999938964844,2023-05-01 00:00:00-04:00,69.18488286798635
419,CADENCE BANK,CADE,1985-10-01 00:00:00-04:00,0.8650599081868846,20.829999923706055,2023-04-01 00:00:00-04:00,2307.9257085632976
420,CADRE HOLDINGS,CDRE,2021-11-01 00:00:00-04:00,20.224145839325594,21.0,2023-05-01 00:00:00-04:00,3.836276532212142
421,CAESARSTONE LTD,CSTE,2012-03-01 00:00:00-05:00,10.70424470856711,4.699999809265137,2023-05-05 00:00:00-04:00,-56.092186443537614
422,CALAVO GROWERS INC,CVGW,2002-07-01 00:00:00-04:00,5.250858487943542,28.940000534057617,2023-04-01 00:00:00-04:00,451.14798085887367
423,CALERES,CAL,1984-12-01 00:00:00-05:00,3.854305166352424,22.68000030517578,2023-05-05 00:00:00-04:00,488.4329166037291
424,CALIFORNIA RESOURCES,CRC,2020-10-01 00:00:00-04:00,12.849792920487527,40.29999923706055,2023-04-01 00:00:00-04:00,213.6237251948769
425,CALIFORNIA WATER SERVICE GROUP,CWT,1984-11-01 00:00:00-05:00,0.0,56.04999923706055,2023-05-01 00:00:00-04:00,inf
426,CALIX NETWORKS,CALX,2010-03-01 00:00:00-05:00,13.479999542236328,43.02000045776367,2023-05-05 00:00:00-04:00,219.13948010881506
427,CALLAWAY GOLF,ELY,,,,,
428,CALLON PETROLEUM,CPE,1990-03-01 00:00:00-05:00,43.54991603542019,33.06999969482422,2023-05-05 00:00:00-04:00,-24.06414821115247
429,CAL-MAINE FOODS,CALM,1996-12-01 00:00:00-05:00,1.233229016500806,49.09000015258789,2023-05-05 00:00:00-04:00,3880.606967218226
430,CAMBIUM NETWORKS,CMBM,2019-06-01 00:00:00-04:00,9.710000038146973,14.380000114440918,2023-05-05 00:00:00-04:00,48.09474827958038
431,CAMBRIDGE BANCORP,CATC,1999-01-01 00:00:00-05:00,9.85441206947309,64.26000213623047,2023-04-01 00:00:00-04:00,552.0937188662379
432,CAMDEN NATIONAL,CAC,1997-10-01 00:00:00-04:00,5.806891773896457,36.189998626708984,2023-04-01 00:00:00-04:00,523.2249546890606
433,CAMPING WORLD HOLDINGS,CWH,2016-10-01 00:00:00-04:00,15.859456477610314,20.899999618530273,2023-04-01 00:00:00-04:00,31.782571792646095
434,CANNAE HOLDINGS,CNNE,2017-11-01 00:00:00-04:00,18.100000381469727,18.209999084472656,2023-05-01 00:00:00-04:00,0.6077276280918937
435,CANO HEALTH INC (A),CANO,2020-07-01 00:00:00-04:00,10.489999771118164,1.100000023841858,2023-04-01 00:00:00-04:00,-89.51382223219434
436,CANOO INC (A),GOEV,2019-04-01 00:00:00-04:00,9.84000015258789,0.6940000057220459,2023-04-01 00:00:00-04:00,-92.94715452276161
437,CANTALOUPE INC,CTLP,1999-06-01 00:00:00-04:00,256.25,5.800000190734863,2023-05-05 00:00:00-04:00,-97.73658529142054
438,CAPITAL BANCORP,CBNK,2018-09-01 00:00:00-04:00,12.53717619544879,15.800000190734863,2023-05-05 00:00:00-04:00,26.025190556630562
439,CAPITAL CITY BANK GP,CCBG,1994-06-01 00:00:00-04:00,3.278999571962107,29.65999984741211,2023-05-05 00:00:00-04:00,804.5441817384559
440,CAPITOL FEDERAL FINANCIAL,CFFN,1999-04-01 00:00:00-05:00,0.9836821353303142,6.699999809265137,2023-04-01 00:00:00-04:00,581.1143120958805
441,CAPSTAR FINANCIAL HOLDINGS,CSTR,2016-09-01 00:00:00-04:00,15.907556212042342,11.640000343322754,2023-05-05 00:00:00-04:00,-26.827224822182067
442,CARA THERAPEUTICS,CARA,2014-01-01 00:00:00-05:00,12.899999618530273,4.889999866485596,2023-04-01 00:00:00-04:00,-62.09302316985088
443,CARDIOVASCULAR SYSTEMS INC,CSII,2006-06-01 00:00:00-04:00,101.69999694824219,19.989999771118164,2023-04-27 00:00:00-04:00,-80.34414909442759
444,CARDLYTICS,CDLX,2018-02-01 00:00:00-05:00,18.149999618530273,7.349999904632568,2023-05-01 00:00:00-04:00,-59.50413190571876
445,CAREDX INC,CDNA,2014-07-01 00:00:00-04:00,9.604000091552734,9.140000343322754,2023-04-01 00:00:00-04:00,-4.831317615647408
446,CAREMAX INC (A),CMAX,2020-09-01 00:00:00-04:00,11.020000457763672,2.490000009536743,2023-05-05 00:00:00-04:00,-77.40471954533795
447,CARETRUST REIT,CTRE,2014-05-01 00:00:00-04:00,5.448626356763871,19.459999084472656,2023-05-01 00:00:00-04:00,257.1542221887762
448,CARGURUS CLASS A,CARG,2017-10-01 00:00:00-04:00,32.93000030517578,18.450000762939453,2023-04-01 00:00:00-04:00,-43.97206015197161
449,CARIBOU BIOSCIENCES,CRBU,2021-07-01 00:00:00-04:00,16.34000015258789,5.300000190734863,2023-04-01 00:00:00-04:00,-67.56425862153091
450,CARPARTS COM,PRTS,2007-02-01 00:00:00-05:00,11.550000190734863,4.78000020980835,2023-05-01 00:00:00-04:00,-58.61471748162608
451,CARPENTER TECH,CRS,1984-11-01 00:00:00-05:00,0.0,52.810001373291016,2023-05-01 00:00:00-04:00,inf
452,CARRIAGE SVCS,CSV,1996-08-01 00:00:00-04:00,16.00927473036624,28.799999237060547,2023-05-01 00:00:00-04:00,79.89571496598145
453,CARS.COM,CARS,2017-06-01 00:00:00-04:00,25.59000015258789,17.309999465942383,2023-05-05 00:00:00-04:00,-32.356391704859604
454,CARTER BANKSHARES INC,CARE,2007-03-01 00:00:00-05:00,9.14098692817626,13.170000076293945,2023-05-05 00:00:00-04:00,44.076347332897065
455,CASA SYSTEMS,CASA,2017-12-01 00:00:00-05:00,17.959999084472656,1.25,2023-05-05 00:00:00-04:00,-93.04008873207188
456,CASELLA WASTE,CWST,1997-10-01 00:00:00-04:00,22.0,82.08000183105469,2023-04-01 00:00:00-04:00,273.09091741388494
457,CASS INFORMATION SYSTEMS,CASS,1996-07-01 00:00:00-04:00,2.4567631489345736,43.310001373291016,2023-04-01 00:00:00-04:00,1662.8887584085305
458,CASSAVA SCIENCES,SAVA,2000-07-01 00:00:00-04:00,73.4294703149645,24.100000381469727,2023-04-01 00:00:00-04:00,-67.17938958554862
459,CASTLE BIOSCIENCES,CSTL,2019-07-01 00:00:00-04:00,19.809999465942383,22.600000381469727,2023-04-01 00:00:00-04:00,14.083801063821081
460,CATALYST PHARMACEUTICALS,CPRX,2006-11-01 00:00:00-05:00,5.5,15.9399995803833,2023-05-01 00:00:00-04:00,189.81817418878728
461,BUSINESS FIRST BANCSHARES,BFST,2018-04-01 00:00:00-04:00,23.198364984312438,17.190000534057617,2023-04-01 00:00:00-04:00,-25.899947924424378
462,BUTTERFLY NETWORK INC (A),BFLY,2020-07-01 00:00:00-04:00,10.020000457763672,1.8600000143051147,2023-04-01 00:00:00-04:00,-81.4371264537822
463,BYLINE BANCORP,BY,2017-06-01 00:00:00-04:00,19.251405245487312,17.729999542236328,2023-05-05 00:00:00-04:00,-7.9028293459648316
464,CAVCO INDUSTRIES,CVCO,2003-07-01 00:00:00-04:00,9.5,317.0,2023-04-01 00:00:00-04:00,3236.8421052631584
465,CBIZ,CBZ,1995-04-01 00:00:00-05:00,1.5,49.619998931884766,2023-04-01 00:00:00-04:00,3207.999928792318
466,CBL & ASSOCIATES PROPERTIES,CBL,2021-11-01 00:00:00-04:00,26.744067016383887,23.139999389648438,2023-05-01 00:00:00-04:00,-13.476138930281376
467,CBTX,CBTX,,,,,
468,CEDAR REALTY TRUST,CDR,,,,,
469,CELLDEX THERAPEUTICS,CLDX,1986-05-01 00:00:00-04:00,0.0,31.510000228881836,2023-05-01 00:00:00-04:00,inf
470,CELSIUS HOLDINGS INC.,CELH,2007-01-01 00:00:00-05:00,56.599998474121094,92.44000244140625,2023-04-01 00:00:00-04:00,63.321563486741226
471,CELULARITY INC (A),CELU,2019-08-01 00:00:00-04:00,9.800000190734863,0.6100000143051147,2023-05-01 00:00:00-04:00,-93.7755101792567
472,CENNTRO ELECTRIC GROUP,CENN,2012-09-01 00:00:00-04:00,75000.0,0.37299999594688416,2023-05-05 00:00:00-04:00,-99.99950266667207
473,CENTENNIAL RESOURCE DEVELOPMENT,CDEV,,,,,
474,CENTERSPACE,CSR,1997-10-01 00:00:00-04:00,14.183836706753434,54.77000045776367,2023-04-01 00:00:00-04:00,286.14376060664677
475,CENTRAL GARDEN &  PET CO  A,CENTA,2007-02-01 00:00:00-05:00,13.680000305175781,35.400001525878906,2023-05-01 00:00:00-04:00,158.77193520591837
476,CENTRAL GARDEN & PET,CENT,1992-07-01 00:00:00-04:00,2.781214475631714,40.970001220703125,2023-04-01 00:00:00-04:00,1373.0975111654186
477,CENTRAL PACIFIC FINANCIAL,CPF,1987-08-01 00:00:00-04:00,22.604315497658472,15.800000190734863,2023-05-01 00:00:00-04:00,-30.101841870099772
478,CENTRUS ENERGY CORPORATION,LEU,1998-07-01 00:00:00-04:00,2175.1546912666413,32.540000915527344,2023-04-01 00:00:00-04:00,-98.50401440200197
479,CENTURY ALUMINIUM,CENX,1996-03-01 00:00:00-05:00,12.27602404602303,8.239999771118164,2023-05-05 00:00:00-04:00,-32.87729202691148
480,CENTURY CASINO,CNTY,1993-11-01 00:00:00-05:00,4.0625,7.0,2023-05-01 00:00:00-04:00,72.3076923076923
481,CENTURY COMMUNITIES,CCS,2014-06-01 00:00:00-04:00,21.69878497455215,64.94999694824219,2023-05-05 00:00:00-04:00,199.32550151731576
482,CENTURY THERAPEUTICS,IPSC,2021-06-01 00:00:00-04:00,29.790000915527344,3.119999885559082,2023-05-05 00:00:00-04:00,-89.52668751368566
483,CEPTON INC (A),CPTN,2021-03-01 00:00:00-05:00,9.649999618530273,0.3700000047683716,2023-05-05 00:00:00-04:00,-96.16580290782723
484,CERBERUS CYBER SENTINEL,CISO,2022-01-01 00:00:00-05:00,4.110000133514404,0.3190000057220459,2023-04-01 00:00:00-04:00,-92.23844293529807
485,CERENCE,CRNC,2019-09-01 00:00:00-04:00,17.350000381469727,25.969999313354492,2023-05-05 00:00:00-04:00,49.68298986950548
486,CEREVEL THERAPEUTICS HOLDINGS (A),CERE,2020-07-01 00:00:00-04:00,11.199999809265137,24.440000534057617,2023-04-01 00:00:00-04:00,118.21429419882459
487,CERUS CORP,CERS,1997-01-01 00:00:00-05:00,12.375,2.950000047683716,2023-04-01 00:00:00-04:00,-76.1616157762932
488,CEVA,CEVA,2002-11-01 00:00:00-05:00,5.099999904632568,25.290000915527344,2023-05-01 00:00:00-04:00,395.8823801654438
489,CHAMPIONX CORPORATION,CHX,2018-04-01 00:00:00-04:00,36.90353325027192,28.969999313354492,2023-04-01 00:00:00-04:00,-21.498033489405707
490,CHANNELADVISOR CORP,ECOM,,,,,
491,CHARGE ENTERPRISES,CRGE,2006-11-01 00:00:00-05:00,45000.0,1.0499999523162842,2023-05-01 00:00:00-04:00,-99.99766666677263
492,CHART INDUSTRIES INC.,GTLS,2006-07-01 00:00:00-04:00,15.079999923706055,125.98999786376953,2023-04-01 00:00:00-04:00,735.4774436418319
493,CHASE CORP,CCF,1994-04-01 00:00:00-05:00,0.7289404972739841,103.77999877929688,2023-04-01 00:00:00-04:00,14137.101542224986
494,CHATHAM LODGING TRUST,CLDT,2010-04-01 00:00:00-04:00,11.392488381594147,10.520000457763672,2023-04-01 00:00:00-04:00,-7.6584490991456935
495,CHEESECAKE FACTORY (THE),CAKE,1992-09-01 00:00:00-04:00,2.735610164310126,33.08000183105469,2023-05-05 00:00:00-04:00,1109.236691054513
496,CHEFS WAREHOUSE HOLDINGS,CHEF,2011-07-01 00:00:00-04:00,17.93000030517578,34.22999954223633,2023-04-01 00:00:00-04:00,90.90908510668174
497,CHEGG,CHGG,2013-11-01 00:00:00-04:00,8.289999961853027,17.8700008392334,2023-05-01 00:00:00-04:00,115.56092788254966
498,CHEMOCENTRYX INC,CCXI,,,,,
499,CHESAPEAKE UTILITIES CORP,CPK,1984-12-01 00:00:00-05:00,1.418308331052771,125.41999816894531,2023-05-05 00:00:00-04:00,8742.928961423326
500,CHICAGO ATLANTIC REAL ESTATE FINANCE,REFI,2021-12-01 00:00:00-05:00,14.780983325424353,13.970000267028809,2023-05-05 00:00:00-04:00,-5.4866651327628215
501,CHICOS FAS INC,CHS,1993-03-01 00:00:00-05:00,0.35019383604347926,4.96999979019165,2023-05-05 00:00:00-04:00,1319.2139548608693
502,CHILDRENS PLACE,PLCE,1997-09-01 00:00:00-04:00,13.280607271194459,26.690000534057617,2023-05-05 00:00:00-04:00,100.96972968960564
503,CHIMERA INVESTMENT,CIM,2007-11-01 00:00:00-04:00,10.623350415732663,5.670000076293945,2023-05-01 00:00:00-04:00,-46.627006976095295
504,CHIMERIX INC,CMRX,2013-04-01 00:00:00-04:00,20.139999389648438,1.25,2023-04-01 00:00:00-04:00,-93.7934456907557
505,CHINOOK THERAPEUTICS INC,KDNY,2015-04-01 00:00:00-04:00,129.5,22.979999542236328,2023-04-01 00:00:00-04:00,-82.25482660831172
506,CHUY'S HOLDINGS INC,CHUY,2012-07-01 00:00:00-04:00,17.75,35.84000015258789,2023-04-01 00:00:00-04:00,101.91549381739658
507,CIMPRESS PLC,CMPR,2005-09-01 00:00:00-04:00,15.25,47.90999984741211,2023-05-05 00:00:00-04:00,214.1639334256532
508,CINCOR PHARMA,CINC,,,,,
509,Company,Ticker,,,,,
510,CATCHMARK TIMBER TRUST,CTT,,,,,
511,CATHAY BANCORP,CATY,1990-12-01 00:00:00-05:00,1.8338204507567681,29.760000228881836,2023-05-05 00:00:00-04:00,1522.841550087452
512,CATO CORP CL A,CATO,1987-04-01 00:00:00-05:00,1.5393981033835489,8.850000381469727,2023-04-01 00:00:00-04:00,474.9000445055573
513,CITIZENS & NORTHERN,CZNC,1994-04-01 00:00:00-05:00,4.054466858362222,21.239999771118164,2023-04-01 00:00:00-04:00,423.8666515996123
514,CITY HOLDING,CHCO,1987-06-01 00:00:00-04:00,3.529128732095282,91.11000061035156,2023-05-05 00:00:00-04:00,2481.6570470145066
515,CITY OFFICE REIT,CIO,2014-04-01 00:00:00-04:00,6.569755509533347,6.880000114440918,2023-04-01 00:00:00-04:00,4.722315837436817
516,CIVISTA BANCSHARES,CIVB,1994-04-01 00:00:00-05:00,7.833505457780493,16.979999542236328,2023-04-01 00:00:00-04:00,116.76118863709016
517,CIVITAS RESOURCES INC,CIVI,2011-12-01 00:00:00-05:00,1203.8658818605945,67.91999816894531,2023-05-05 00:00:00-04:00,-94.35817567452166
518,CLAROS MORTGAGE TRUST,CMTG,2021-11-01 00:00:00-04:00,14.69529033719519,11.949999809265137,2023-05-01 00:00:00-04:00,-18.681431022709774
519,CLARUS CORPORATION,CLAR,1998-05-01 00:00:00-04:00,7.848004326915807,9.670000076293945,2023-05-01 00:00:00-04:00,23.216039052493308
520,CLEAN ENERGY FUELS,CLNE,2007-05-01 00:00:00-04:00,12.6899995803833,4.260000228881836,2023-05-01 00:00:00-04:00,-66.4302571336006
521,CLEANSPARK,CLSK,2016-11-01 00:00:00-04:00,35.0,3.819999933242798,2023-05-01 00:00:00-04:00,-89.08571447644916
522,CLEAR CHANNEL OUTDOOR HOLDINGS,CCO,2005-11-01 00:00:00-05:00,5.358652054678764,1.2599999904632568,2023-05-01 00:00:00-04:00,-76.48662429270581
523,CLEAR SECURE INC,YOU,2021-06-01 00:00:00-04:00,42.36356975049182,24.670000076293945,2023-05-05 00:00:00-04:00,-41.76600267259692
524,CLEARFIELD INC.,CLFD,1986-08-01 00:00:00-04:00,0.0,43.81999969482422,2023-05-01 00:00:00-04:00,inf
525,CLEARWATER PAPER,CLW,2008-12-01 00:00:00-05:00,4.21999979019165,32.150001525878906,2023-05-05 00:00:00-04:00,661.8484152677842
526,CLEARWAY ENERGY,CWEN.A,,,,,
527,CLEARWAY ENERGY (C),CWEN,2015-05-01 00:00:00-04:00,17.994006592212603,30.25,2023-05-01 00:00:00-04:00,68.11153116444623
528,CLIPPER REALTY,CLPR,2017-02-01 00:00:00-05:00,10.416297112271423,5.28000020980835,2023-05-01 00:00:00-04:00,-49.31019965254265
529,CLOVER HEALTH INVESTMENTS CORP (A),CLOV,2020-06-01 00:00:00-04:00,11.25,0.7631999850273132,2023-05-05 00:00:00-04:00,-93.21600013309055
530,CMC MATERIALS INC,CCMP,,,,,
531,CNB FINANCIAL,CCNE,1994-04-01 00:00:00-05:00,1.927634365080315,19.229999542236328,2023-04-01 00:00:00-04:00,897.5958039861522
532,CNO FINANCIAL GROUP,CNO,2003-09-01 00:00:00-04:00,14.73900642261105,21.010000228881836,2023-05-05 00:00:00-04:00,42.54692362879006
533,CNX RESOURCES,CNX,1999-04-01 00:00:00-05:00,4.156998723745346,16.260000228881836,2023-04-01 00:00:00-04:00,291.14758770558404
534,COASTAL FINANCIAL,CCB,2018-07-01 00:00:00-04:00,16.299999237060547,36.15999984741211,2023-04-01 00:00:00-04:00,121.84050024491293
535,COCA-COLA CONSOLIDATED,COKE,1984-11-01 00:00:00-05:00,0.0,589.3200073242188,2023-05-01 00:00:00-04:00,inf
536,CODEXIS,CDXS,2010-04-01 00:00:00-04:00,14.09000015258789,4.179999828338623,2023-04-01 00:00:00-04:00,-70.3335714473297
537,COEUR MINING INC,CDE,1984-12-01 00:00:00-05:00,0.0,3.509999990463257,2023-05-05 00:00:00-04:00,inf
538,COGENT BIOSCIENCES INC,COGT,2018-03-01 00:00:00-05:00,44.0,11.510000228881836,2023-05-05 00:00:00-04:00,-73.8409085707231
